<?xml version="1.0"?>
<image xmlns="http://www.vips.ecs.soton.ac.uk//dzsave" date="2023-10-19T09:09:05.021307+03" version="8.15.0">
  <properties>
    <property>
      <name>width</name>
      <value type="gint">11233</value>
    </property>
    <property>
      <name>height</name>
      <value type="gint">6900</value>
    </property>
    <property>
      <name>bands</name>
      <value type="gint">3</value>
    </property>
    <property>
      <name>xoffset</name>
      <value type="gint">0</value>
    </property>
    <property>
      <name>yoffset</name>
      <value type="gint">0</value>
    </property>
    <property>
      <name>xres</name>
      <value type="gdouble">11.811023622047244</value>
    </property>
    <property>
      <name>yres</name>
      <value type="gdouble">11.811023622047244</value>
    </property>
    <property>
      <name>vips-loader</name>
      <value type="VipsRefString">jpegload</value>
    </property>
    <property>
      <name>jpeg-multiscan</name>
      <value type="gint">0</value>
    </property>
    <property>
      <name>jpeg-chroma-subsample</name>
      <value type="VipsRefString">4:4:4</value>
    </property>
    <property>
      <name>resolution-unit</name>
      <value type="VipsRefString">in</value>
    </property>
    <property>
      <name>exif-ifd0-ImageDescription</name>
      <value type="VipsRefString">www.BFoto.ru (www.BFoto.ru, ASCII, 13 components, 13 bytes)</value>
    </property>
    <property>
      <name>exif-ifd0-Make</name>
      <value type="VipsRefString">Canon (Canon, ASCII, 6 components, 6 bytes)</value>
    </property>
    <property>
      <name>exif-ifd0-Model</name>
      <value type="VipsRefString">Canon EOS 5D Mark II (Canon EOS 5D Mark II, ASCII, 21 components, 21 bytes)</value>
    </property>
    <property>
      <name>exif-ifd0-Orientation</name>
      <value type="VipsRefString">1 (Top-left, Short, 1 components, 2 bytes)</value>
    </property>
    <property>
      <name>exif-ifd0-XResolution</name>
      <value type="VipsRefString">3000000/10000 (300,0000, Rational, 1 components, 8 bytes)</value>
    </property>
    <property>
      <name>exif-ifd0-YResolution</name>
      <value type="VipsRefString">3000000/10000 (300,0000, Rational, 1 components, 8 bytes)</value>
    </property>
    <property>
      <name>exif-ifd0-ResolutionUnit</name>
      <value type="VipsRefString">2 (Inch, Short, 1 components, 2 bytes)</value>
    </property>
    <property>
      <name>exif-ifd0-Software</name>
      <value type="VipsRefString">Autopano Giga (Autopano Giga, ASCII, 14 components, 14 bytes)</value>
    </property>
    <property>
      <name>exif-ifd0-DateTime</name>
      <value type="VipsRefString">2011:08:22 12:09:33 (2011:08:22 12:09:33, ASCII, 20 components, 20 bytes)</value>
    </property>
    <property>
      <name>exif-ifd0-Artist</name>
      <value type="VipsRefString">&#x23ef;&#x23bf;&#x23bd;&#x23ef;&#x23bf;&#x23bd;&#x23ef;&#x23bf;&#x23bd;&#x23ef;&#x23bf;&#x23bd;&#x23ef;&#x23bf;&#x23bd;&#x23ef;&#x23bf;&#x23bd;&#x23ef;&#x23bf;&#x23bd; &#x23ef;&#x23bf;&#x23bd;&#x23ef;&#x23bf;&#x23bd;&#x23ef;&#x23bf;&#x23bd;&#x23ef;&#x23bf;&#x23bd;&#x23ef;&#x23bf;&#x23bd;&#x23ef;&#x23bf;&#x23bd;&#x23ef;&#x23bf;&#x23bd;&#x23ef;&#x23bf;&#x23bd;&#x23ef;&#x23bf;&#x23bd; http://www.BFoto.ru (&#x23ef;&#x23bf;&#x23bd;&#x23ef;&#x23bf;&#x23bd;&#x23ef;&#x23bf;&#x23bd;&#x23ef;&#x23bf;&#x23bd;&#x23ef;&#x23bf;&#x23bd;&#x23ef;&#x23bf;&#x23bd;&#x23ef;&#x23bf;&#x23bd; &#x23ef;&#x23bf;&#x23bd;&#x23ef;&#x23bf;&#x23bd;&#x23ef;&#x23bf;&#x23bd;&#x23ef;&#x23bf;&#x23bd;&#x23ef;&#x23bf;&#x23bd;&#x23ef;&#x23bf;&#x23bd;&#x23ef;&#x23bf;&#x23bd;&#x23ef;&#x23bf;&#x23bd;&#x23ef;&#x23bf;&#x23bd; http://www.BFoto.ru, ASCII, 38 components, 38 bytes)</value>
    </property>
    <property>
      <name>exif-ifd0-Copyright</name>
      <value type="VipsRefString">www.BFoto.ru (www.BFoto.ru (Photographer) - [None] (Editor), ASCII, 13 components, 13 bytes)</value>
    </property>
    <property>
      <name>exif-ifd1-Compression</name>
      <value type="VipsRefString">6 (JPEG compression, Short, 1 components, 2 bytes)</value>
    </property>
    <property>
      <name>exif-ifd1-XResolution</name>
      <value type="VipsRefString">72/1 (72, Rational, 1 components, 8 bytes)</value>
    </property>
    <property>
      <name>exif-ifd1-YResolution</name>
      <value type="VipsRefString">72/1 (72, Rational, 1 components, 8 bytes)</value>
    </property>
    <property>
      <name>exif-ifd1-ResolutionUnit</name>
      <value type="VipsRefString">2 (Inch, Short, 1 components, 2 bytes)</value>
    </property>
    <property>
      <name>exif-ifd2-ExposureTime</name>
      <value type="VipsRefString">1/100 (1/100 sec., Rational, 1 components, 8 bytes)</value>
    </property>
    <property>
      <name>exif-ifd2-FNumber</name>
      <value type="VipsRefString">11/1 (f/11,0, Rational, 1 components, 8 bytes)</value>
    </property>
    <property>
      <name>exif-ifd2-ExposureProgram</name>
      <value type="VipsRefString">3 (Aperture priority, Short, 1 components, 2 bytes)</value>
    </property>
    <property>
      <name>exif-ifd2-ISOSpeedRatings</name>
      <value type="VipsRefString">320 (320, Short, 1 components, 2 bytes)</value>
    </property>
    <property>
      <name>exif-ifd2-ExifVersion</name>
      <value type="VipsRefString">Exif Version 2.21 (Exif Version 2.21, Undefined, 4 components, 4 bytes)</value>
    </property>
    <property>
      <name>exif-ifd2-DateTimeOriginal</name>
      <value type="VipsRefString">2011:07:30 13:17:10 (2011:07:30 13:17:10, ASCII, 20 components, 20 bytes)</value>
    </property>
    <property>
      <name>exif-ifd2-DateTimeDigitized</name>
      <value type="VipsRefString">2011:07:30 13:17:10 (2011:07:30 13:17:10, ASCII, 20 components, 20 bytes)</value>
    </property>
    <property>
      <name>exif-ifd2-ShutterSpeedValue</name>
      <value type="VipsRefString">6643856/1000000 (6,64 EV (1/100 sec.), SRational, 1 components, 8 bytes)</value>
    </property>
    <property>
      <name>exif-ifd2-ApertureValue</name>
      <value type="VipsRefString">6918863/1000000 (6,92 EV (f/11,0), Rational, 1 components, 8 bytes)</value>
    </property>
    <property>
      <name>exif-ifd2-ExposureBiasValue</name>
      <value type="VipsRefString">0/1 (0,00 EV, SRational, 1 components, 8 bytes)</value>
    </property>
    <property>
      <name>exif-ifd2-MaxApertureValue</name>
      <value type="VipsRefString">4/1 (4,00 EV (f/4,0), Rational, 1 components, 8 bytes)</value>
    </property>
    <property>
      <name>exif-ifd2-SubjectDistance</name>
      <value type="VipsRefString">372/100 (3,7 m, Rational, 1 components, 8 bytes)</value>
    </property>
    <property>
      <name>exif-ifd2-MeteringMode</name>
      <value type="VipsRefString">5 (Pattern, Short, 1 components, 2 bytes)</value>
    </property>
    <property>
      <name>exif-ifd2-Flash</name>
      <value type="VipsRefString">16 (Flash did not fire, compulsory flash mode, Short, 1 components, 2 bytes)</value>
    </property>
    <property>
      <name>exif-ifd2-FocalLength</name>
      <value type="VipsRefString">17/1 (17,0 mm, Rational, 1 components, 8 bytes)</value>
    </property>
    <property>
      <name>exif-ifd2-UserComment</name>
      <value type="VipsRefString">Unsupported UNICODE string (Unsupported UNICODE string, Undefined, 46 components, 46 bytes)</value>
    </property>
    <property>
      <name>exif-ifd2-SubsecTime</name>
      <value type="VipsRefString">0 (0, ASCII, 2 components, 2 bytes)</value>
    </property>
    <property>
      <name>exif-ifd2-SubSecTimeOriginal</name>
      <value type="VipsRefString">13 (13, ASCII, 3 components, 3 bytes)</value>
    </property>
    <property>
      <name>exif-ifd2-SubSecTimeDigitized</name>
      <value type="VipsRefString">13 (13, ASCII, 3 components, 3 bytes)</value>
    </property>
    <property>
      <name>exif-ifd2-ColorSpace</name>
      <value type="VipsRefString">1 (sRGB, Short, 1 components, 2 bytes)</value>
    </property>
    <property>
      <name>exif-ifd2-PixelXDimension</name>
      <value type="VipsRefString">11233 (11233, Long, 1 components, 4 bytes)</value>
    </property>
    <property>
      <name>exif-ifd2-PixelYDimension</name>
      <value type="VipsRefString">6900 (6900, Long, 1 components, 4 bytes)</value>
    </property>
    <property>
      <name>exif-ifd2-FocalPlaneXResolution</name>
      <value type="VipsRefString">5616000/1459 (3849,2118, Rational, 1 components, 8 bytes)</value>
    </property>
    <property>
      <name>exif-ifd2-FocalPlaneYResolution</name>
      <value type="VipsRefString">3744000/958 (3908,142, Rational, 1 components, 8 bytes)</value>
    </property>
    <property>
      <name>exif-ifd2-FocalPlaneResolutionUnit</name>
      <value type="VipsRefString">2 (Inch, Short, 1 components, 2 bytes)</value>
    </property>
    <property>
      <name>exif-ifd2-CustomRendered</name>
      <value type="VipsRefString">0 (Normal process, Short, 1 components, 2 bytes)</value>
    </property>
    <property>
      <name>exif-ifd2-ExposureMode</name>
      <value type="VipsRefString">0 (Auto exposure, Short, 1 components, 2 bytes)</value>
    </property>
    <property>
      <name>exif-ifd2-WhiteBalance</name>
      <value type="VipsRefString">0 (Auto white balance, Short, 1 components, 2 bytes)</value>
    </property>
    <property>
      <name>exif-ifd2-SceneCaptureType</name>
      <value type="VipsRefString">0 (Standard, Short, 1 components, 2 bytes)</value>
    </property>
    <property>
      <name>exif-ifd2-FlashpixVersion</name>
      <value type="VipsRefString">FlashPix Version 1.0 (FlashPix Version 1.0, Undefined, 4 components, 4 bytes)</value>
    </property>
    <property>
      <name>orientation</name>
      <value type="gint">1</value>
    </property>
    <property>
      <name>vips-sequential</name>
      <value type="gint">1</value>
    </property>
  </properties>
</image>
